id,image,name,entityType
1,https://media.licdn.com/mpr/mpr/shrinknp_200_200/p/6/005/030/14b/282a0e1.jpg,Digvijay Lamba,Customers
2,https://media.licdn.com/mpr/mpr/shrink_200_200/p/1/000/1f5/12a/0bb5f00.jpg,Abhishek Gattani,Customers
3,https://scontent-a-dfw.xx.fbcdn.net/hphotos-frc3/v/t1.0-9/1231376_10151946949385579_675154246_n.jpg?oh=a2931e449d3adc9e4cf247652488d589&oe=5554DCE2,Ridhima Suri,Customers
4,https://media.licdn.com/mpr/mpr/shrink_200_200/p/1/005/039/39a/2f38485.jpg,Neha Rastogi,Customers
5,https://media.licdn.com/media/p/2/000/04e/094/3d7fe2a.jpg,Adam Sour,Customers
6,https://media.licdn.com/mpr/mpr/shrink_400_400/p/3/000/000/0ec/034416c.jpg,John Doe,Customers
7,https://media.licdn.com/mpr/mpr/shrink_100_100/p/8/005/081/012/07fa436.jpg,Jane Deo,Customers
8,https://media.licdn.com/mpr/mpr/shrink_100_100/p/3/000/062/0d0/0668fb7.jpg,Mary Sue,Customers
9,http://upload.wikimedia.org/wikipedia/commons/thumb/5/5d/J._K._Rowling_2010.jpg/330px-J._K._Rowling_2010.jpg,JK Rowling,Customers
10,http://upload.wikimedia.org/wikipedia/commons/e/e3/Stephen_King%2C_Comicon.jpg,Stephen King,Customers
11,https://media.licdn.com/mpr/mpr/shrinknp_200_200/p/6/005/030/14b/282a0e1.jpg,Digvijay Lamba,Customers
12,https://media.licdn.com/mpr/mpr/shrink_200_200/p/1/000/1f5/12a/0bb5f00.jpg,Abhishek Gattani,Customers
13,https://scontent-a-dfw.xx.fbcdn.net/hphotos-frc3/v/t1.0-9/1231376_10151946949385579_675154246_n.jpg?oh=a2931e449d3adc9e4cf247652488d589&oe=5554DCE2,Ridhima Suri,Customers
14,https://media.licdn.com/mpr/mpr/shrink_200_200/p/1/005/039/39a/2f38485.jpg,Neha Rastogi,Customers
15,https://media.licdn.com/media/p/2/000/04e/094/3d7fe2a.jpg,Adam Sour,Customers
16,https://media.licdn.com/mpr/mpr/shrink_400_400/p/3/000/000/0ec/034416c.jpg,John Doe,Customers
17,https://media.licdn.com/mpr/mpr/shrink_100_100/p/8/005/081/012/07fa436.jpg,Jane Deo,Customers
18,https://media.licdn.com/mpr/mpr/shrink_100_100/p/3/000/062/0d0/0668fb7.jpg,Mary Sue,Customers
19,http://upload.wikimedia.org/wikipedia/commons/thumb/5/5d/J._K._Rowling_2010.jpg/330px-J._K._Rowling_2010.jpg,JK Rowling,Customers
20,http://upload.wikimedia.org/wikipedia/commons/e/e3/Stephen_King%2C_Comicon.jpg,Stephen King,Customers
21,https://media.licdn.com/mpr/mpr/shrinknp_200_200/p/6/005/030/14b/282a0e1.jpg,Digvijay Lamba,Customers
22,https://media.licdn.com/mpr/mpr/shrink_200_200/p/1/000/1f5/12a/0bb5f00.jpg,Abhishek Gattani,Customers
23,https://scontent-a-dfw.xx.fbcdn.net/hphotos-frc3/v/t1.0-9/1231376_10151946949385579_675154246_n.jpg?oh=a2931e449d3adc9e4cf247652488d589&oe=5554DCE2,Ridhima Suri,Customers
24,https://media.licdn.com/mpr/mpr/shrink_200_200/p/1/005/039/39a/2f38485.jpg,Neha Rastogi,Customers
25,https://media.licdn.com/media/p/2/000/04e/094/3d7fe2a.jpg,Adam Sour,Customers
26,https://media.licdn.com/mpr/mpr/shrink_400_400/p/3/000/000/0ec/034416c.jpg,John Doe,Customers
27,https://media.licdn.com/mpr/mpr/shrink_100_100/p/8/005/081/012/07fa436.jpg,Jane Deo,Customers
28,https://media.licdn.com/mpr/mpr/shrink_100_100/p/3/000/062/0d0/0668fb7.jpg,Mary Sue,Customers
29,http://upload.wikimedia.org/wikipedia/commons/thumb/5/5d/J._K._Rowling_2010.jpg/330px-J._K._Rowling_2010.jpg,JK Rowling,Customers
30,http://upload.wikimedia.org/wikipedia/commons/e/e3/Stephen_King%2C_Comicon.jpg,Stephen King,Customers
31,https://media.licdn.com/mpr/mpr/shrinknp_200_200/p/6/005/030/14b/282a0e1.jpg,Digvijay Lamba,Customers
32,https://media.licdn.com/mpr/mpr/shrink_200_200/p/1/000/1f5/12a/0bb5f00.jpg,Abhishek Gattani,Customers
33,https://scontent-a-dfw.xx.fbcdn.net/hphotos-frc3/v/t1.0-9/1231376_10151946949385579_675154246_n.jpg?oh=a2931e449d3adc9e4cf247652488d589&oe=5554DCE2,Ridhima Suri,Customers
34,https://media.licdn.com/mpr/mpr/shrink_200_200/p/1/005/039/39a/2f38485.jpg,Neha Rastogi,Customers
35,https://media.licdn.com/media/p/2/000/04e/094/3d7fe2a.jpg,Adam Sour,Customers
36,https://media.licdn.com/mpr/mpr/shrink_400_400/p/3/000/000/0ec/034416c.jpg,John Doe,Customers
37,https://media.licdn.com/mpr/mpr/shrink_100_100/p/8/005/081/012/07fa436.jpg,Jane Deo,Customers
38,https://media.licdn.com/mpr/mpr/shrink_100_100/p/3/000/062/0d0/0668fb7.jpg,Mary Sue,Customers
39,http://upload.wikimedia.org/wikipedia/commons/thumb/5/5d/J._K._Rowling_2010.jpg/330px-J._K._Rowling_2010.jpg,JK Rowling,Customers
40,http://upload.wikimedia.org/wikipedia/commons/e/e3/Stephen_King%2C_Comicon.jpg,Stephen King,Customers
41,"http://ecx.images-amazon.com/images/I/319zYh%2BVFDL._SP160,160,0,T_.jpg","Dream Supreme Plus Gel Fiber-Filled Pillows, Standard (Set of 2)",Products
42,"http://ecx.images-amazon.com/images/I/21WMCshfGHL._SP160,160,0,T_.jpg",Sleep Better Slumber Fresh Polyester Standard Bed Pillow,Products
43,http://ecx.images-amazon.com/images/I/51KathggWpL._AA160_.jpg,Serta Perfect Sleeper Standard/Queen Bed Pillows 300 Thread Count Recycled - 2 Pack,Products
44,"http://ecx.images-amazon.com/images/I/319zYh%2BVFDL._SP160,160,0,T_.jpg",Sleep Joy ViscoFresh Memory Foam Advanced Contour Pillow,Products
45,http://ecx.images-amazon.com/images/I/41NCDPVR4PL._AA160_.jpg,Lego 3450 Statue of Liberty Sculpture 2882 Pieces,Products
46,http://ecx.images-amazon.com/images/I/515otFMXv4L._AA160_.jpg,"2013 SDCC LEGO EXCLUSIVE MINIFIGURE SET OF ALL 4: GREEN ARROW, SUPERMAN, SPIDER-MAN, & SPIDER-WOMAN!",Products
47,"http://ecx.images-amazon.com/images/I/319zYh%2BVFDL._SP160,160,0,T_.jpg","Dream Supreme Plus Gel Fiber-Filled Pillows, Standard (Set of 2)",Products
48,"http://ecx.images-amazon.com/images/I/21WMCshfGHL._SP160,160,0,T_.jpg",Sleep Better Slumber Fresh Polyester Standard Bed Pillow,Products
49,http://ecx.images-amazon.com/images/I/51KathggWpL._AA160_.jpg,Serta Perfect Sleeper Standard/Queen Bed Pillows 300 Thread Count Recycled - 2 Pack,Products
50,"http://ecx.images-amazon.com/images/I/319zYh%2BVFDL._SP160,160,0,T_.jpg",Sleep Joy ViscoFresh Memory Foam Advanced Contour Pillow,Products
51,http://ecx.images-amazon.com/images/I/41NCDPVR4PL._AA160_.jpg,Lego 3450 Statue of Liberty Sculpture 2882 Pieces,Products
52,http://ecx.images-amazon.com/images/I/515otFMXv4L._AA160_.jpg,"2013 SDCC LEGO EXCLUSIVE MINIFIGURE SET OF ALL 4: GREEN ARROW, SUPERMAN, SPIDER-MAN, & SPIDER-WOMAN!",Products
53,"http://ecx.images-amazon.com/images/I/319zYh%2BVFDL._SP160,160,0,T_.jpg","Dream Supreme Plus Gel Fiber-Filled Pillows, Standard (Set of 2)",Products
54,"http://ecx.images-amazon.com/images/I/21WMCshfGHL._SP160,160,0,T_.jpg",Sleep Better Slumber Fresh Polyester Standard Bed Pillow,Products
55,http://ecx.images-amazon.com/images/I/51KathggWpL._AA160_.jpg,Serta Perfect Sleeper Standard/Queen Bed Pillows 300 Thread Count Recycled - 2 Pack,Products
56,"http://ecx.images-amazon.com/images/I/319zYh%2BVFDL._SP160,160,0,T_.jpg",Sleep Joy ViscoFresh Memory Foam Advanced Contour Pillow,Products
57,http://ecx.images-amazon.com/images/I/41NCDPVR4PL._AA160_.jpg,Lego 3450 Statue of Liberty Sculpture 2882 Pieces,Products
58,http://ecx.images-amazon.com/images/I/515otFMXv4L._AA160_.jpg,"2013 SDCC LEGO EXCLUSIVE MINIFIGURE SET OF ALL 4: GREEN ARROW, SUPERMAN, SPIDER-MAN, & SPIDER-WOMAN!",Products
59,"http://ecx.images-amazon.com/images/I/319zYh%2BVFDL._SP160,160,0,T_.jpg","Dream Supreme Plus Gel Fiber-Filled Pillows, Standard (Set of 2)",Products
60,"http://ecx.images-amazon.com/images/I/21WMCshfGHL._SP160,160,0,T_.jpg",Sleep Better Slumber Fresh Polyester Standard Bed Pillow,Products
61,http://ecx.images-amazon.com/images/I/51KathggWpL._AA160_.jpg,Serta Perfect Sleeper Standard/Queen Bed Pillows 300 Thread Count Recycled - 2 Pack,Products
62,"http://ecx.images-amazon.com/images/I/319zYh%2BVFDL._SP160,160,0,T_.jpg",Sleep Joy ViscoFresh Memory Foam Advanced Contour Pillow,Products
63,http://ecx.images-amazon.com/images/I/41NCDPVR4PL._AA160_.jpg,Lego 3450 Statue of Liberty Sculpture 2882 Pieces,Products
64,http://ecx.images-amazon.com/images/I/515otFMXv4L._AA160_.jpg,"2013 SDCC LEGO EXCLUSIVE MINIFIGURE SET OF ALL 4: GREEN ARROW, SUPERMAN, SPIDER-MAN, & SPIDER-WOMAN!",Products
